"","year","avg_mins_played","avg_turnover","avg_goals","avg_big_chance_missed","avg_goal_assist","avg_total_offside","avg_ontarget_att_assist","avg_ontarget_scoring_att","avg_successful_final_third_passes","avg_left_pass","avg_right_pass"
"1","2016",79,1,0.714285714285714,0.142857142857143,0.428571428571429,1,1.42857142857143,1.71428571428571,9.42857142857143,7,7.42857142857143
"2","2017",80.875,1.875,0.25,0.125,0,0.5,0.75,1.25,10.875,7.5,8.75
"3","2018",86.8333333333333,2.72222222222222,0.222222222222222,0.222222222222222,0.0555555555555556,0.388888888888889,0.666666666666667,1.16666666666667,10.2222222222222,9.27777777777778,9.05555555555556
"4","2019",90,3.57142857142857,0.571428571428571,0.571428571428571,0.0714285714285714,0.785714285714286,0.5,1.5,7.85714285714286,7.07142857142857,7
