"","year","avg_mins_played","avg_turnover","avg_goals","avg_big_chance_missed","avg_goal_assist","avg_total_offside","avg_ontarget_att_assist","avg_ontarget_scoring_att","avg_successful_final_third_passes","avg_left_pass","avg_right_pass"
"1","2016",91,2.66666666666667,0.666666666666667,0.333333333333333,0.285714285714286,0.857142857142857,0.761904761904762,2.04761904761905,5.80952380952381,3.14285714285714,5.33333333333333
"2","2017",76.64,2.84,0.32,0.76,0.2,0.64,1.16,1.48,6.04,4.28,6.88
"3","2018",82.0434782608696,3.30434782608696,0.608695652173913,1.08695652173913,0.217391304347826,1.1304347826087,0.782608695652174,1.91304347826087,5.30434782608696,4.60869565217391,4.69565217391304
"4","2019",85.5,3.20833333333333,0.5,0.708333333333333,0.25,1.25,1.04166666666667,2,6.66666666666667,4.29166666666667,6.70833333333333
