"","year","avg_mins_played","avg_turnover","avg_goals","avg_big_chance_missed","avg_goal_assist","avg_total_offside","avg_ontarget_att_assist","avg_ontarget_scoring_att","avg_successful_final_third_passes","avg_left_pass","avg_right_pass"
"1","2017",75.1875,3.0625,0.375,0,0.0625,0.375,0.875,1.3125,10.1875,6.5625,7.3125
"2","2018",67.625,1.9375,0.125,0.125,0.0625,0.5,0.5625,0.5,7,6.8125,5.75
"3","2019",85,3.11111111111111,0.222222222222222,0.444444444444444,0.222222222222222,0.777777777777778,1.11111111111111,0.666666666666667,7.11111111111111,6.88888888888889,6.66666666666667
