"","year","avg_mins_played","avg_turnover","avg_goals","avg_big_chance_missed","avg_goal_assist","avg_total_offside","avg_ontarget_att_assist","avg_ontarget_scoring_att","avg_successful_final_third_passes","avg_left_pass","avg_right_pass"
"1","2016",41,1,0.2,0,0.2,0.4,1,1,5.4,1.6,7.4
"2","2017",88.8235294117647,2.47058823529412,0.705882352941177,0.0588235294117647,0.0588235294117647,0.941176470588235,1.23529411764706,1.64705882352941,10.1176470588235,2.47058823529412,13.8823529411765
"3","2018",82.6470588235294,2.88235294117647,0.411764705882353,0.176470588235294,0.352941176470588,0.529411764705882,1.29411764705882,2.23529411764706,9.64705882352941,3,12.8823529411765
"4","2019",75.3333333333333,3.16666666666667,0,0.333333333333333,0,0.5,1.66666666666667,0.833333333333333,8.83333333333333,3,13.6666666666667
